{"assets/book_cover.png":["assets/book_cover.png"],"assets/flutter_icon.png":["assets/flutter_icon.png"],"assets/fonts/Pangolin-Regular.ttf":["assets/fonts/Pangolin-Regular.ttf"],"lib/chapter06/widgets/alert_dialog.dart":["lib/chapter06/widgets/alert_dialog.dart"],"lib/chapter06/widgets/futurebuilder_widget.dart":["lib/chapter06/widgets/futurebuilder_widget.dart"],"lib/chapter06/widgets/image_widget.dart":["lib/chapter06/widgets/image_widget.dart"],"lib/chapter06/widgets/mobile.dart":["lib/chapter06/widgets/mobile.dart"],"lib/chapter06/widgets/placeholder_widget.dart":["lib/chapter06/widgets/placeholder_widget.dart"],"lib/chapter06/widgets/reusable_widgets.dart":["lib/chapter06/widgets/reusable_widgets.dart"],"lib/chapter06/widgets/shared.dart":["lib/chapter06/widgets/shared.dart"],"lib/chapter06/widgets/streambuilder_widget.dart":["lib/chapter06/widgets/streambuilder_widget.dart"],"lib/chapter06/widgets/textfield.dart":["lib/chapter06/widgets/textfield.dart"],"lib/chapter06/widgets/togglebuttons_widget.dart":["lib/chapter06/widgets/togglebuttons_widget.dart"],"lib/chapter06/widgets/unsupported.dart":["lib/chapter06/widgets/unsupported.dart"],"lib/chapter06/widgets/web.dart":["lib/chapter06/widgets/web.dart"],"lib/chapter07/layouts/multi/column.dart":["lib/chapter07/layouts/multi/column.dart"],"lib/chapter07/layouts/multi/grid_view.dart":["lib/chapter07/layouts/multi/grid_view.dart"],"lib/chapter07/layouts/multi/indexed_stack.dart":["lib/chapter07/layouts/multi/indexed_stack.dart"],"lib/chapter07/layouts/multi/listview.dart":["lib/chapter07/layouts/multi/listview.dart"],"lib/chapter07/layouts/multi/row.dart":["lib/chapter07/layouts/multi/row.dart"],"lib/chapter07/layouts/multi/stack.dart":["lib/chapter07/layouts/multi/stack.dart"],"lib/chapter07/layouts/multi/table.dart":["lib/chapter07/layouts/multi/table.dart"],"lib/chapter07/layouts/single/constrained_box.dart":["lib/chapter07/layouts/single/constrained_box.dart"],"lib/chapter07/layouts/single/container.dart":["lib/chapter07/layouts/single/container.dart"],"lib/chapter07/layouts/single/intrinsic_height.dart":["lib/chapter07/layouts/single/intrinsic_height.dart"],"lib/chapter07/layouts/single/intrinsic_width.dart":["lib/chapter07/layouts/single/intrinsic_width.dart"],"lib/chapter07/layouts/single/padding.dart":["lib/chapter07/layouts/single/padding.dart"],"lib/chapter07/layouts/single/sized_box.dart":["lib/chapter07/layouts/single/sized_box.dart"],"lib/chapter08/layouts/expanded.dart":["lib/chapter08/layouts/expanded.dart"],"lib/chapter08/layouts/fitted_box.dart":["lib/chapter08/layouts/fitted_box.dart"],"lib/chapter08/layouts/flexible.dart":["lib/chapter08/layouts/flexible.dart"],"lib/chapter08/layouts/fractionally_sized_box.dart":["lib/chapter08/layouts/fractionally_sized_box.dart"],"lib/chapter08/layouts/layoutbuilder.dart":["lib/chapter08/layouts/layoutbuilder.dart"],"lib/chapter08/layouts/wrap.dart":["lib/chapter08/layouts/wrap.dart"],"packages/cupertino_icons/assets/CupertinoIcons.ttf":["packages/cupertino_icons/assets/CupertinoIcons.ttf"],"packages/font_awesome_flutter/lib/fonts/fa-brands-400.ttf":["packages/font_awesome_flutter/lib/fonts/fa-brands-400.ttf"],"packages/font_awesome_flutter/lib/fonts/fa-regular-400.ttf":["packages/font_awesome_flutter/lib/fonts/fa-regular-400.ttf"],"packages/font_awesome_flutter/lib/fonts/fa-solid-900.ttf":["packages/font_awesome_flutter/lib/fonts/fa-solid-900.ttf"]}